{
  "average_scores": {
    "extractive": {
      "rouge_rouge-1_f": 0.7572156196943972,
      "rouge_rouge-1_p": 0.7572156196943972,
      "rouge_rouge-1_r": 0.7572156196943972,
      "rouge_rouge-2_f": 0.7495741056218058,
      "rouge_rouge-2_p": 0.7495741056218058,
      "rouge_rouge-2_r": 0.7495741056218058,
      "rouge_rouge-l_f": 0.7572156196943972,
      "rouge_rouge-l_p": 0.7572156196943972,
      "rouge_rouge-l_r": 0.7572156196943972,
      "bertscore_p": 0.97955322265625,
      "bertscore_r": 0.9188334345817566,
      "bertscore_f1": 0.9482222199440002
    },
    "abstractive": {
      "rouge_rouge-1_f": 0.2850467289719626,
      "rouge_rouge-1_p": 0.2850467289719626,
      "rouge_rouge-1_r": 0.2850467289719626,
      "rouge_rouge-2_f": 0.25821596244131456,
      "rouge_rouge-2_p": 0.25821596244131456,
      "rouge_rouge-2_r": 0.25821596244131456,
      "rouge_rouge-l_f": 0.2757009345794393,
      "rouge_rouge-l_p": 0.2757009345794393,
      "rouge_rouge-l_r": 0.2757009345794393,
      "bertscore_p": 0.9381728172302246,
      "bertscore_r": 0.8261978030204773,
      "bertscore_f1": 0.8786320686340332
    },
    "combo": {
      "rouge_rouge-1_f": 0.7692307692307692,
      "rouge_rouge-1_p": 0.7692307692307692,
      "rouge_rouge-1_r": 0.7692307692307692,
      "rouge_rouge-2_f": 0.7138263665594857,
      "rouge_rouge-2_p": 0.7138263665594857,
      "rouge_rouge-2_r": 0.7138263665594857,
      "rouge_rouge-l_f": 0.7275641025641026,
      "rouge_rouge-l_p": 0.7275641025641026,
      "rouge_rouge-l_r": 0.7275641025641026,
      "bertscore_p": 0.9686917066574097,
      "bertscore_r": 0.9169102907180786,
      "bertscore_f1": 0.9420899748802185
    }
  }
}