{
  "average_scores": {
    "textrank": {
      "rouge_rouge-1_f": 0.6572305411857828,
      "rouge_rouge-1_p": 0.6572305411857828,
      "rouge_rouge-1_r": 0.6572305411857828,
      "rouge_rouge-2_f": 0.6502852010017928,
      "rouge_rouge-2_p": 0.6502852010017928,
      "rouge_rouge-2_r": 0.6502852010017928,
      "rouge_rouge-l_f": 0.6572305411857828,
      "rouge_rouge-l_p": 0.6572305411857828,
      "rouge_rouge-l_r": 0.6572305411857828,
      "bertscore_p": 0.9426812052726745,
      "bertscore_r": 0.9068325281143188,
      "bertscore_f1": 0.9242807865142822
    },
    "lexrank": {
      "rouge_rouge-1_f": 0.5576232997609355,
      "rouge_rouge-1_p": 0.5576232997609355,
      "rouge_rouge-1_r": 0.5576232997609355,
      "rouge_rouge-2_f": 0.5542040788063135,
      "rouge_rouge-2_p": 0.5542040788063135,
      "rouge_rouge-2_r": 0.5542040788063135,
      "rouge_rouge-l_f": 0.5576232997609355,
      "rouge_rouge-l_p": 0.5576232997609355,
      "rouge_rouge-l_r": 0.5576232997609355,
      "bertscore_p": 0.9475319504737854,
      "bertscore_r": 0.8878431439399719,
      "bertscore_f1": 0.9165588617324829
    },
    "lsa": {
      "rouge_rouge-1_f": 0.5410558235519669,
      "rouge_rouge-1_p": 0.5410558235519669,
      "rouge_rouge-1_r": 0.5410558235519669,
      "rouge_rouge-2_f": 0.529797679641,
      "rouge_rouge-2_p": 0.529797679641,
      "rouge_rouge-2_r": 0.529797679641,
      "rouge_rouge-l_f": 0.5410558235519669,
      "rouge_rouge-l_p": 0.5410558235519669,
      "rouge_rouge-l_r": 0.5410558235519669,
      "bertscore_p": 0.9280225396156311,
      "bertscore_r": 0.8724642276763916,
      "bertscore_f1": 0.8993197798728942
    },
    "abstractive": {
      "rouge_rouge-1_f": 0.25450307414059853,
      "rouge_rouge-1_p": 0.25450307414059853,
      "rouge_rouge-1_r": 0.25450307414059853,
      "rouge_rouge-2_f": 0.17268098143366073,
      "rouge_rouge-2_p": 0.17268098143366073,
      "rouge_rouge-2_r": 0.17268098143366073,
      "rouge_rouge-l_f": 0.21288371565765693,
      "rouge_rouge-l_p": 0.21288371565765693,
      "rouge_rouge-l_r": 0.21288371565765693,
      "bertscore_p": 0.8958181023597718,
      "bertscore_r": 0.8266271471977233,
      "bertscore_f1": 0.8597830414772034
    },
    "final": {
      "rouge_rouge-1_f": 0.14185606689119862,
      "rouge_rouge-1_p": 0.14185606689119862,
      "rouge_rouge-1_r": 0.14185606689119862,
      "rouge_rouge-2_f": 0.044949619846316846,
      "rouge_rouge-2_p": 0.044949619846316846,
      "rouge_rouge-2_r": 0.044949619846316846,
      "rouge_rouge-l_f": 0.09120311118230297,
      "rouge_rouge-l_p": 0.09120311118230297,
      "rouge_rouge-l_r": 0.09120311118230297,
      "bertscore_p": 0.8642214775085449,
      "bertscore_r": 0.802538251876831,
      "bertscore_f1": 0.8321645498275757
    }
  }
}