{
  "average_scores": {
    "textrank": {
      "rouge_rouge-1_f": 0.46687820013466547,
      "rouge_rouge-1_p": 0.46687820013466547,
      "rouge_rouge-1_r": 0.46687820013466547,
      "rouge_rouge-2_f": 0.4598323981643124,
      "rouge_rouge-2_p": 0.4598323981643124,
      "rouge_rouge-2_r": 0.4598323981643124,
      "rouge_rouge-l_f": 0.46687820013466547,
      "rouge_rouge-l_p": 0.46687820013466547,
      "rouge_rouge-l_r": 0.46687820013466547,
      "bertscore_p": 0.929297924041748,
      "bertscore_r": 0.8732966303825378,
      "bertscore_f1": 0.9003207087516785
    },
    "lexrank": {
      "rouge_rouge-1_f": 0.4234086636311723,
      "rouge_rouge-1_p": 0.4234086636311723,
      "rouge_rouge-1_r": 0.4234086636311723,
      "rouge_rouge-2_f": 0.418080738917278,
      "rouge_rouge-2_p": 0.418080738917278,
      "rouge_rouge-2_r": 0.418080738917278,
      "rouge_rouge-l_f": 0.4234086636311723,
      "rouge_rouge-l_p": 0.4234086636311723,
      "rouge_rouge-l_r": 0.4234086636311723,
      "bertscore_p": 0.926374328136444,
      "bertscore_r": 0.8676696062088013,
      "bertscore_f1": 0.8959107875823975
    },
    "lsa": {
      "rouge_rouge-1_f": 0.37876685183131836,
      "rouge_rouge-1_p": 0.37876685183131836,
      "rouge_rouge-1_r": 0.37876685183131836,
      "rouge_rouge-2_f": 0.3714217031121476,
      "rouge_rouge-2_p": 0.3714217031121476,
      "rouge_rouge-2_r": 0.3714217031121476,
      "rouge_rouge-l_f": 0.37876685183131836,
      "rouge_rouge-l_p": 0.37876685183131836,
      "rouge_rouge-l_r": 0.37876685183131836,
      "bertscore_p": 0.8998917579650879,
      "bertscore_r": 0.8450854897499085,
      "bertscore_f1": 0.8713835954666138
    },
    "abstractive": {
      "rouge_rouge-1_f": 0.16817191275908377,
      "rouge_rouge-1_p": 0.16817191275908377,
      "rouge_rouge-1_r": 0.16817191275908377,
      "rouge_rouge-2_f": 0.15747689328687942,
      "rouge_rouge-2_p": 0.15747689328687942,
      "rouge_rouge-2_r": 0.15747689328687942,
      "rouge_rouge-l_f": 0.16459049544768936,
      "rouge_rouge-l_p": 0.16459049544768936,
      "rouge_rouge-l_r": 0.16459049544768936,
      "bertscore_p": 0.9344465374946594,
      "bertscore_r": 0.8080209970474244,
      "bertscore_f1": 0.8664711356163025
    },
    "final": {
      "rouge_rouge-1_f": 0.16796599065752837,
      "rouge_rouge-1_p": 0.16796599065752837,
      "rouge_rouge-1_r": 0.16796599065752837,
      "rouge_rouge-2_f": 0.15138362561747334,
      "rouge_rouge-2_p": 0.15138362561747334,
      "rouge_rouge-2_r": 0.15138362561747334,
      "rouge_rouge-l_f": 0.16073382125824642,
      "rouge_rouge-l_p": 0.16073382125824642,
      "rouge_rouge-l_r": 0.16073382125824642,
      "bertscore_p": 0.9024663209915161,
      "bertscore_r": 0.8057113409042358,
      "bertscore_f1": 0.8511677980422974
    }
  }
}