{
  "average_scores": {
    "extractive": {
      "rouge_rouge-1_f": 0.38077760297179175,
      "rouge_rouge-1_p": 0.38077760297179175,
      "rouge_rouge-1_r": 0.38077760297179175,
      "rouge_rouge-2_f": 0.3734551322303615,
      "rouge_rouge-2_p": 0.3734551322303615,
      "rouge_rouge-2_r": 0.3734551322303615,
      "rouge_rouge-l_f": 0.38077760297179175,
      "rouge_rouge-l_p": 0.38077760297179175,
      "rouge_rouge-l_r": 0.38077760297179175,
      "bertscore_p": 0.8980428338050842,
      "bertscore_r": 0.8470011353492737,
      "bertscore_f1": 0.8715709924697876
    },
    "abstractive": {
      "rouge_rouge-1_f": 0.15036319839056414,
      "rouge_rouge-1_p": 0.15036319839056414,
      "rouge_rouge-1_r": 0.15036319839056414,
      "rouge_rouge-2_f": 0.0777661470462747,
      "rouge_rouge-2_p": 0.0777661470462747,
      "rouge_rouge-2_r": 0.0777661470462747,
      "rouge_rouge-l_f": 0.10408377521645318,
      "rouge_rouge-l_p": 0.10408377521645318,
      "rouge_rouge-l_r": 0.10408377521645318,
      "bertscore_p": 0.8845489859580994,
      "bertscore_r": 0.7999328374862671,
      "bertscore_f1": 0.8399535894393921
    },
    "combo": {
      "rouge_rouge-1_f": 0.39656847996415895,
      "rouge_rouge-1_p": 0.39656847996415895,
      "rouge_rouge-1_r": 0.39656847996415895,
      "rouge_rouge-2_f": 0.37396118586186133,
      "rouge_rouge-2_p": 0.37396118586186133,
      "rouge_rouge-2_r": 0.37396118586186133,
      "rouge_rouge-l_f": 0.3843521398918555,
      "rouge_rouge-l_p": 0.3843521398918555,
      "rouge_rouge-l_r": 0.3843521398918555,
      "bertscore_p": 0.9196394562721253,
      "bertscore_r": 0.8570265889167785,
      "bertscore_f1": 0.8868094921112061
    }
  }
}