{
  "average_scores": {
    "extractive": {
      "rouge_rouge-1_f": 0.7572156196943972,
      "rouge_rouge-1_p": 0.7572156196943972,
      "rouge_rouge-1_r": 0.7572156196943972,
      "rouge_rouge-2_f": 0.7495741056218058,
      "rouge_rouge-2_p": 0.7495741056218058,
      "rouge_rouge-2_r": 0.7495741056218058,
      "rouge_rouge-l_f": 0.7572156196943972,
      "rouge_rouge-l_p": 0.7572156196943972,
      "rouge_rouge-l_r": 0.7572156196943972,
      "bertscore_p": 0.97955322265625,
      "bertscore_r": 0.9188334345817566,
      "bertscore_f1": 0.9482222199440002
    },
    "abstractive": {
      "rouge_rouge-1_f": 0.2850467289719626,
      "rouge_rouge-1_p": 0.2850467289719626,
      "rouge_rouge-1_r": 0.2850467289719626,
      "rouge_rouge-2_f": 0.25821596244131456,
      "rouge_rouge-2_p": 0.25821596244131456,
      "rouge_rouge-2_r": 0.25821596244131456,
      "rouge_rouge-l_f": 0.2757009345794393,
      "rouge_rouge-l_p": 0.2757009345794393,
      "rouge_rouge-l_r": 0.2757009345794393,
      "bertscore_p": 0.9381728172302246,
      "bertscore_r": 0.8261978030204773,
      "bertscore_f1": 0.8786320686340332
    },
    "combo": {
      "rouge_rouge-1_f": 0.7689768976897691,
      "rouge_rouge-1_p": 0.7689768976897691,
      "rouge_rouge-1_r": 0.7689768976897691,
      "rouge_rouge-2_f": 0.7350993377483444,
      "rouge_rouge-2_p": 0.7350993377483444,
      "rouge_rouge-2_r": 0.7350993377483444,
      "rouge_rouge-l_f": 0.7425742574257426,
      "rouge_rouge-l_p": 0.7425742574257426,
      "rouge_rouge-l_r": 0.7425742574257426,
      "bertscore_p": 0.9737765789031982,
      "bertscore_r": 0.918035626411438,
      "bertscore_f1": 0.9450849294662476
    }
  }
}