{
  "average_scores": {
    "best_extract": {
      "rouge_rouge-1_f": 0.7086912868796696,
      "rouge_rouge-1_p": 1.0,
      "rouge_rouge-1_r": 0.5930535855598297,
      "rouge_rouge-2_f": 0.6588128279288045,
      "rouge_rouge-2_p": 0.9899026834286756,
      "rouge_rouge-2_r": 0.5401312874248078,
      "rouge_rouge-l_f": 0.7086912868796696,
      "rouge_rouge-l_p": 1.0,
      "rouge_rouge-l_r": 0.5930535855598297,
      "bertscore_p": 0.9426811933517456,
      "bertscore_r": 0.9068325161933899,
      "bertscore_f1": 0.9242807745933532
    },
    "best_abstractive": {
      "rouge_rouge-1_f": 0.36966444463296766,
      "rouge_rouge-1_p": 0.9460242587601078,
      "rouge_rouge-1_r": 0.24592540907599933,
      "rouge_rouge-2_f": 0.28228709840612676,
      "rouge_rouge-2_p": 0.8540834092801823,
      "rouge_rouge-2_r": 0.18099972185211952,
      "rouge_rouge-l_f": 0.3682707164099711,
      "rouge_rouge-l_p": 0.9422506738544474,
      "rouge_rouge-l_r": 0.24507070822129848,
      "bertscore_p": 0.9307311296463012,
      "bertscore_r": 0.8376169323921203,
      "bertscore_f1": 0.8816783428192139
    },
    "best_best": {
      "rouge_rouge-1_f": 0.7501392897527512,
      "rouge_rouge-1_p": 0.976994864326986,
      "rouge_rouge-1_r": 0.6658553490308624,
      "rouge_rouge-2_f": 0.6925630245822123,
      "rouge_rouge-2_p": 0.9382387555406758,
      "rouge_rouge-2_r": 0.6085586156149265,
      "rouge_rouge-l_f": 0.7489240508265805,
      "rouge_rouge-l_p": 0.9749270962537461,
      "rouge_rouge-l_r": 0.6648688958704962,
      "bertscore_p": 0.9374873757362365,
      "bertscore_r": 0.9161466121673584,
      "bertscore_f1": 0.9266232848167419
    }
  }
}